-- Script was generated by Devart dbForge Studio for MySQL, Version 5.0.97.0
-- Product home page: http://www.devart.com/dbforge/mysql/studio
-- Script date 03/12/2015 7:12:23 PM
-- Server version: 5.6.17
-- Client version: 4.1

-- 
-- Disable foreign keys
-- 
/*!40014 SET @OLD_FOREIGN_KEY_CHECKS=@@FOREIGN_KEY_CHECKS, FOREIGN_KEY_CHECKS=0 */;

-- 
-- Set character set the client will use to send SQL statements to the server
--
SET NAMES 'utf8';

--
-- Definition for database mydb
--
DROP DATABASE IF EXISTS mydb;
CREATE DATABASE mydb
	CHARACTER SET latin1
	COLLATE latin1_swedish_ci;

-- 
-- Set default database
--
USE mydb;

--
-- Definition for table department
--
CREATE TABLE department (
  number INT(11) NOT NULL,
  name VARCHAR(45) DEFAULT NULL,
  PRIMARY KEY (number),
  UNIQUE INDEX UK_department_number (number)
)
ENGINE = INNODB
AVG_ROW_LENGTH = 3276
CHARACTER SET utf8
COLLATE utf8_general_ci;

--
-- Definition for table interclubteam
--
CREATE TABLE interclubteam (
  level FLOAT NOT NULL DEFAULT 2,
  captainID INT(11) DEFAULT NULL,
  `co-captainID` INT(11) DEFAULT NULL,
  PRIMARY KEY (level)
)
ENGINE = INNODB
AVG_ROW_LENGTH = 16384
CHARACTER SET utf8
COLLATE utf8_general_ci;

--
-- Definition for table inventory_items
--
CREATE TABLE inventory_items (
  inventorynum INT(32) NOT NULL,
  name VARCHAR(45) DEFAULT NULL,
  price FLOAT DEFAULT 0,
  quantity INT(11) DEFAULT NULL,
  PRIMARY KEY (inventorynum),
  UNIQUE INDEX UK_inventory_items_inventorynum (inventorynum)
)
ENGINE = INNODB
AVG_ROW_LENGTH = 2340
CHARACTER SET utf8
COLLATE utf8_general_ci;

--
-- Definition for table member
--
CREATE TABLE member (
  memberid INT(11) NOT NULL,
  rating VARCHAR(45) DEFAULT NULL,
  phonenumber VARCHAR(45) DEFAULT NULL,
  firstname VARCHAR(45) DEFAULT NULL,
  middlename VARCHAR(45) DEFAULT NULL,
  lastname VARCHAR(45) DEFAULT NULL,
  renewaldate DATE DEFAULT NULL,
  streetname VARCHAR(45) DEFAULT NULL,
  streetnum VARCHAR(45) DEFAULT NULL,
  datejoined DATE DEFAULT NULL,
  postalCode VARCHAR(10) DEFAULT NULL,
  city VARCHAR(45) DEFAULT NULL,
  `password` VARCHAR(255) NOT NULL DEFAULT '',
  active TINYINT(1) DEFAULT 1,
  PRIMARY KEY (memberid)
)
ENGINE = INNODB
AVG_ROW_LENGTH = 496
CHARACTER SET utf8
COLLATE utf8_general_ci;

--
-- Definition for table administrator
--
CREATE TABLE administrator (
  id INT(11) NOT NULL,
  memberid INT(11) DEFAULT NULL,
  PRIMARY KEY (id),
  CONSTRAINT FK_administrator_member_memberID FOREIGN KEY (memberid)
    REFERENCES member(memberid) ON DELETE RESTRICT ON UPDATE RESTRICT
)
ENGINE = INNODB
AVG_ROW_LENGTH = 5461
CHARACTER SET latin1
COLLATE latin1_swedish_ci;

--
-- Definition for table boardmember
--
CREATE TABLE boardmember (
  positionType VARCHAR(45) NOT NULL,
  email VARCHAR(45) DEFAULT NULL,
  posHeldSince VARCHAR(45) DEFAULT NULL,
  deptManaged INT(11) DEFAULT NULL,
  memberid INT(11) DEFAULT NULL,
  PRIMARY KEY (positionType),
  INDEX deptManaged_idx (deptManaged),
  CONSTRAINT FK_boardmember_member_memberID FOREIGN KEY (memberid)
    REFERENCES member(memberid) ON DELETE RESTRICT ON UPDATE RESTRICT,
  CONSTRAINT number FOREIGN KEY (deptManaged)
    REFERENCES department(number) ON DELETE NO ACTION ON UPDATE NO ACTION
)
ENGINE = INNODB
AVG_ROW_LENGTH = 1489
CHARACTER SET utf8
COLLATE utf8_general_ci;

--
-- Definition for table employee
--
CREATE TABLE employee (
  id INT(11) NOT NULL,
  role VARCHAR(45) DEFAULT NULL,
  phonenum VARCHAR(15) DEFAULT NULL,
  email VARCHAR(45) DEFAULT NULL,
  startdate DATE DEFAULT NULL,
  hours FLOAT DEFAULT 0,
  wage FLOAT DEFAULT 10,
  firstname VARCHAR(45) DEFAULT NULL,
  middlename VARCHAR(45) DEFAULT NULL,
  lastname VARCHAR(45) DEFAULT NULL,
  streetnum VARCHAR(7) DEFAULT NULL,
  postalcode VARCHAR(10) DEFAULT NULL,
  streetname VARCHAR(45) DEFAULT NULL,
  city VARCHAR(45) DEFAULT NULL,
  supervisorid INT(11) DEFAULT NULL,
  dept INT(11) DEFAULT NULL,
  `password` VARCHAR(45) NOT NULL,
  memberid INT(11) DEFAULT NULL,
  PRIMARY KEY (id),
  INDEX number_idx (dept),
  CONSTRAINT department FOREIGN KEY (dept)
    REFERENCES department(number) ON DELETE CASCADE ON UPDATE CASCADE,
  CONSTRAINT FK_employee_member_memberID FOREIGN KEY (supervisorid)
    REFERENCES member(memberid) ON DELETE NO ACTION ON UPDATE NO ACTION,
  CONSTRAINT FK_employee_member_memberID2 FOREIGN KEY (memberid)
    REFERENCES member(memberid) ON DELETE RESTRICT ON UPDATE RESTRICT
)
ENGINE = INNODB
CHARACTER SET utf8
COLLATE utf8_general_ci;

--
-- Definition for table event
--
CREATE TABLE event (
  id INT(11) NOT NULL AUTO_INCREMENT,
  name VARCHAR(25) NOT NULL,
  `date` DATE NOT NULL,
  minlimit INT(11) NOT NULL DEFAULT 1,
  maxlimit INT(11) DEFAULT 1,
  budget DECIMAL(2, 0) DEFAULT NULL,
  fee DECIMAL(2, 0) DEFAULT NULL,
  dept INT(11) DEFAULT NULL,
  PRIMARY KEY (id),
  UNIQUE INDEX `date` (`date`),
  UNIQUE INDEX name (name),
  UNIQUE INDEX UK_event (name, `date`),
  CONSTRAINT controllingDept FOREIGN KEY (dept)
    REFERENCES department(number) ON DELETE NO ACTION ON UPDATE NO ACTION
)
ENGINE = INNODB
AUTO_INCREMENT = 4
AVG_ROW_LENGTH = 5461
CHARACTER SET utf8
COLLATE utf8_general_ci;

--
-- Definition for table gives_lessons
--
CREATE TABLE gives_lessons (
  proemail VARCHAR(45) NOT NULL,
  memberid INT(11) NOT NULL,
  PRIMARY KEY (proemail, memberid),
  CONSTRAINT FK_gives_lessons_member_memberID FOREIGN KEY (memberid)
    REFERENCES member(memberid) ON DELETE RESTRICT ON UPDATE RESTRICT
)
ENGINE = INNODB
AVG_ROW_LENGTH = 2340
CHARACTER SET latin1
COLLATE latin1_swedish_ci;

--
-- Definition for table juniormember
--
CREATE TABLE juniormember (
  birthdate DATE DEFAULT NULL,
  memberid INT(11) NOT NULL,
  PRIMARY KEY (memberid),
  CONSTRAINT memberID FOREIGN KEY (memberid)
    REFERENCES member(memberid) ON DELETE CASCADE ON UPDATE CASCADE
)
ENGINE = INNODB
AVG_ROW_LENGTH = 2730
CHARACTER SET utf8
COLLATE utf8_general_ci;

--
-- Definition for table sells
--
CREATE TABLE sells (
  deptnumber INT(11) NOT NULL,
  inventorynum INT(32) NOT NULL,
  PRIMARY KEY (deptnumber, inventorynum),
  CONSTRAINT FK_sells_department_number FOREIGN KEY (deptnumber)
    REFERENCES department(number) ON DELETE RESTRICT ON UPDATE RESTRICT,
  CONSTRAINT FK_sells_inventory_items_inventorynum FOREIGN KEY (inventorynum)
    REFERENCES inventory_items(inventorynum) ON DELETE RESTRICT ON UPDATE RESTRICT
)
ENGINE = INNODB
AVG_ROW_LENGTH = 4096
CHARACTER SET latin1
COLLATE latin1_swedish_ci;

--
-- Definition for table transaction
--
CREATE TABLE transaction (
  transactionid INT(11) NOT NULL AUTO_INCREMENT,
  `date` DATE DEFAULT NULL,
  memberid INT(11) DEFAULT NULL,
  inventorynum INT(11) DEFAULT NULL,
  amount INT(11) DEFAULT NULL,
  totals INT(11) DEFAULT NULL,
  cashierid INT(11) DEFAULT NULL,
  PRIMARY KEY (transactionid),
  CONSTRAINT FK_transaction_employee_id FOREIGN KEY (cashierid)
    REFERENCES member(memberid) ON DELETE CASCADE ON UPDATE RESTRICT,
  CONSTRAINT FK_transaction_inventory_items_inventorynum FOREIGN KEY (inventorynum)
    REFERENCES inventory_items(inventorynum) ON DELETE CASCADE ON UPDATE RESTRICT,
  CONSTRAINT FK_transaction_member_memberid FOREIGN KEY (memberid)
    REFERENCES member(memberid) ON DELETE CASCADE ON UPDATE RESTRICT
)
ENGINE = INNODB
AUTO_INCREMENT = 26
AVG_ROW_LENGTH = 910
CHARACTER SET latin1
COLLATE latin1_swedish_ci;

--
-- Definition for table guardian
--
CREATE TABLE guardian (
  firstname VARCHAR(45) NOT NULL,
  middlename VARCHAR(45) DEFAULT NULL,
  lastname VARCHAR(45) DEFAULT NULL,
  streetnum VARCHAR(6) DEFAULT NULL,
  streetname VARCHAR(45) DEFAULT NULL,
  postalcode VARCHAR(10) DEFAULT NULL,
  city VARCHAR(45) DEFAULT NULL,
  juniorid INT(11) DEFAULT NULL,
  PRIMARY KEY (firstname),
  INDEX juniorMemberId_idx (juniorid),
  CONSTRAINT juniorMemberId FOREIGN KEY (juniorid)
    REFERENCES juniormember(memberid) ON DELETE NO ACTION ON UPDATE NO ACTION
)
ENGINE = INNODB
AVG_ROW_LENGTH = 2730
CHARACTER SET utf8
COLLATE utf8_general_ci;

--
-- Definition for table participates_in
--
CREATE TABLE participates_in (
  memberid INT(11) NOT NULL,
  eventid INT(11) NOT NULL,
  PRIMARY KEY (memberid, eventid),
  CONSTRAINT FK_volunteers_for_copy_event_id FOREIGN KEY (eventid)
    REFERENCES event(id) ON DELETE RESTRICT ON UPDATE RESTRICT,
  CONSTRAINT FK_volunteers_for_copy_member_memberid FOREIGN KEY (memberid)
    REFERENCES member(memberid) ON DELETE RESTRICT ON UPDATE RESTRICT
)
ENGINE = INNODB
CHARACTER SET latin1
COLLATE latin1_swedish_ci;

--
-- Definition for table pro
--
CREATE TABLE pro (
  email VARCHAR(45) NOT NULL,
  rate FLOAT DEFAULT NULL,
  phonenumber VARCHAR(15) DEFAULT NULL,
  firstname VARCHAR(45) DEFAULT NULL,
  lastname VARCHAR(45) DEFAULT NULL,
  middlename VARCHAR(45) DEFAULT NULL,
  hiredBy1 VARCHAR(45) DEFAULT NULL,
  PRIMARY KEY (email),
  INDEX Interviewer_idx (hiredBy1),
  CONSTRAINT Interviewer FOREIGN KEY (hiredBy1)
    REFERENCES boardmember(positionType) ON DELETE NO ACTION ON UPDATE CASCADE
)
ENGINE = INNODB
AVG_ROW_LENGTH = 8192
CHARACTER SET utf8
COLLATE utf8_general_ci;

--
-- Definition for table social_event
--
CREATE TABLE social_event (
  eventid INT(11) NOT NULL AUTO_INCREMENT,
  membersonly TINYINT(1) DEFAULT 0,
  PRIMARY KEY (eventid),
  CONSTRAINT FK_social_event_event_id FOREIGN KEY (eventid)
    REFERENCES event(id) ON DELETE RESTRICT ON UPDATE RESTRICT
)
ENGINE = INNODB
AUTO_INCREMENT = 4
AVG_ROW_LENGTH = 5461
CHARACTER SET utf8
COLLATE utf8_general_ci;

--
-- Definition for table tournament
--
CREATE TABLE tournament (
  eventid INT(11) NOT NULL AUTO_INCREMENT,
  winnerid VARCHAR(45) DEFAULT NULL,
  prize FLOAT DEFAULT 100,
  draw INT(3) DEFAULT 64,
  PRIMARY KEY (eventid),
  CONSTRAINT FK_tournament_event_id FOREIGN KEY (eventid)
    REFERENCES event(id) ON DELETE RESTRICT ON UPDATE RESTRICT
)
ENGINE = INNODB
AUTO_INCREMENT = 4
AVG_ROW_LENGTH = 5461
CHARACTER SET utf8
COLLATE utf8_general_ci;

--
-- Definition for table volunteers_for
--
CREATE TABLE volunteers_for (
  memberid INT(11) NOT NULL,
  eventid INT(11) NOT NULL,
  PRIMARY KEY (memberid, eventid),
  CONSTRAINT FK_volunteers_for_event_id FOREIGN KEY (eventid)
    REFERENCES event(id) ON DELETE RESTRICT ON UPDATE RESTRICT,
  CONSTRAINT FK_volunteers_for_member_memberID FOREIGN KEY (memberid)
    REFERENCES member(memberid) ON DELETE RESTRICT ON UPDATE RESTRICT
)
ENGINE = INNODB
AVG_ROW_LENGTH = 3276
CHARACTER SET latin1
COLLATE latin1_swedish_ci;

-- 
-- Dumping data for table department
--
INSERT INTO department VALUES 
  (0, 'Events'),
  (1, 'Human Resources'),
  (2, 'Finances'),
  (3, 'Social'),
  (4, 'Facilities');

-- 
-- Dumping data for table interclubteam
--
INSERT INTO interclubteam VALUES 
  (2, 1, 30);

-- 
-- Dumping data for table inventory_items
--
INSERT INTO inventory_items VALUES 
  (0, 'Tennis Ball', 5, 100),
  (1, 'Prince Racquets', 100, 9),
  (2, 'Asics Racquet', 150, 10),
  (3, 'Pacific Racquets', 200, 10),
  (5, 'Guest Fee', 10, 50),
  (6, 'Social Doubles Fee', 10, 50),
  (7, 'Tournament Entry', 40, 64);

-- 
-- Dumping data for table member
--
INSERT INTO member VALUES 
  (0, '', '403-999-8339', 'Allan', 'M', 'Varkey', '2015-12-03', '', '', '2015-12-03', '', '', '', 1),
  (1, '2', '(529) 762-2353', 'Barclay', 'Ori', 'Horn', '2005-01-01', 'Ap #829-5933 Enim. Ave', '1019', '2000-01-01', '', 'Flinu', '', 1),
  (2, '2', '(150) 595-5029', 'Xenos', 'Gay', 'Lindsay', '2005-01-01', '351 Id Avenue', '3643', '2000-01-01', '41004', 'Irvine', 'test', 1),
  (6, '4', '(776) 210-9362', 'Camille', 'Joel', 'Ramsey', '2005-01-01', 'Ap #689-7278 Magna Av.', '4531', '2000-01-01', '03-410', 'Ajmer', '', 1),
  (8, '5', '(745) 134-3574', 'Jacqueline', 'Summer', 'Rodriquez', '2005-01-01', '5134 Ut Rd.', '2850', '2000-01-01', '46-377', 'Loverval', '', 1),
  (10, '6', '(940) 552-8790', 'Jena', 'Donovan', 'Trevino', '2005-01-01', 'Ap #150-2911 Praesent Ave', '4840', '2000-01-01', '69517', 'Lavoir', '', 1),
  (11, '2', '(907) 666-5037', 'Bevis', 'Hollee', 'Bean', '2005-01-01', '6299 Consequat Street', '889', '2000-01-01', '5662SM', 'S', '', 1),
  (13, '2', '(698) 641-4361', 'Timon', 'Mikayla', 'Romero', '2005-01-01', '3310 Massa. Rd.', '4998', '2000-01-01', '388973', 'Castel Baronia', '', 1),
  (14, '5', '(615) 316-9282', 'Xerxes', 'Richard', 'Fowler', '2005-01-01', 'Ap #894-9733 Lacus. Rd.', '2555', '2000-01-01', '62-084', 'Gujrat', '', 1),
  (15, '2', '(136) 869-9576', 'Donna', 'Beau', 'Garner', '2005-01-01', '1459 Tincidunt Av.', '226', '2000-01-01', 'M4K 7Y2', 'Malartic', '', 1),
  (16, '5', '(756) 217-3645', 'Keegan', 'Larissa', 'Wiggins', '2005-01-01', 'Ap #934-4010 Condimentum. St.', '604', '2000-01-01', '31410', 'skenderun', '', 1),
  (17, '4', '(859) 379-0712', 'Imani', 'Christian', 'Miller', '2005-01-01', '509-9982 Neque. Av.', '999', '2000-01-01', '91301', 'Bendigo', '', 1),
  (18, '6', '(412) 362-2333', 'Guinevere', 'Hadley', 'Pace', '2005-01-01', 'Ap #180-7055 Cursus St.', '163', '2000-01-01', '1655', 'Thiaumont', '', 1),
  (19, '3', '(494) 579-7627', 'Callie', 'Galena', 'Holman', '2005-01-01', 'Ap #449-7026 Egestas Road', '2101', '2000-01-01', '28023', 'Neeroeteren', '', 1),
  (20, '3', '(724) 302-1388', 'Imelda', 'Zoe', 'Mcguire', '2005-01-01', '381-1325 Integer Rd.', '1759', '2000-01-01', '78406', 'Wolkrange', '', 1),
  (23, '4', '(805) 717-3567', 'Maris', 'Yolanda', 'Black', '2005-01-01', '949-1724 Per Av.', '2232', '2000-01-01', '71313', 'Corroy-le-Grand', '', 1),
  (24, '5', '(241) 311-9666', 'Natalie', 'Victor', 'Bernard', '2005-01-01', '375-8680 In Road', '162', '2000-01-01', '38813', 'Hamoir', '', 1),
  (26, '5', '(351) 320-6559', 'Kenyon', 'Illiana', 'Morales', '2005-01-01', '804-2680 Aenean St.', '374', '2000-01-01', '51937', 'Ipatinga', '', 1),
  (28, '4', '(852) 143-9007', 'Yolanda', 'Sacha', 'Barrett', '2005-01-01', '3870 Faucibus Road', '1679', '2000-01-01', '3218DQ', 'Mesoraca', '', 1),
  (29, '5', '(899) 870-8230', 'Christine', 'Len', 'Harrington', '2005-01-01', 'Ap #720-6647 Nulla St.', '3633', '2000-01-01', '7287SE', 'New Plymouth', '', 1),
  (30, '3', '(743) 347-5405', 'Simone', 'Mallory', 'Warner', '2005-01-01', '884-3474 Eu Av.', '3221', '2000-01-01', '61146', 'Roksem', '', 1),
  (31, '4', '(774) 151-5729', 'Tanya', 'Upton', 'Chan', '2005-01-01', '4810 Aliquet St.', '3602', '2000-01-01', '6106', 'Barddhaman', '', 1),
  (33, '4', '(603) 337-4481', 'Jorden', 'Armando', 'Reyes', '2005-01-01', '486-5144 Est. Av.', '3538', '2000-01-01', '87238', 'Saint Andr?', '', 1),
  (38, '2', '(956) 200-6792', 'Wyoming', 'Kessie', 'Sawyer', '2005-01-01', '656-9647 Aenean Ave', '1875', '2000-01-01', 'L3V 4Y1', 'Heerlen', '', 1),
  (39, '5', '(623) 853-1539', 'Russell', 'Melvin', 'Green', '2005-01-01', '2055 Nulla Street', '3421', '2000-01-01', '54056', 'Saint Paul', '', 1),
  (40, '5', '(334) 158-4774', 'Simon', 'Emily', 'Clark', '2005-01-01', '210-1806 Dictum Rd.', '2890', '2000-01-01', '4634', 'Westmeerbeek', '', 1),
  (41, '3', '(142) 969-3947', 'Kaye', 'Laith', 'Wilder', '2005-01-01', '2929 Mollis Street', '2412', '2000-01-01', '8566', 'Suru', '', 1),
  (648, '', '', 'Leigh', '', 'Holizki', '2015-12-03', '', '', '2015-12-03', '', '', '', 1),
  (666, NULL, '666-666-6666', 'Satan', 'L', 'Hellsing', NULL, NULL, NULL, NULL, NULL, NULL, '', 1),
  (1234, '5.0', '403-835-1552', 'Mike', NULL, 'Simister', '2015-10-10', 'mystreeet', '1235', '2015-10-10', 'b1b-1b1', 'Calgary', '', 1),
  (8888, '5.0', '123-123-1234', 'Albert', '', 'Beast Mo', '0000-00-00', 'Street', '123', '2015-12-10', '', 'Calgary', '8888', 1),
  (12345, '', '123456', 'test', 't', 'Tester', '2015-12-03', '', '234', '2015-12-03', '', '', 'testing', 1),
  (25634, '4', '555-555-5555', 'Ho', 'Wai', 'Yung', '2015-12-03', '156 St.', '32', '2015-12-03', '', 'town', '', 1);

-- 
-- Dumping data for table administrator
--
INSERT INTO administrator VALUES 
  (1, 29),
  (2, 1234),
  (3, 8888);

-- 
-- Dumping data for table boardmember
--
INSERT INTO boardmember VALUES 
  ('Assistant Social Director', 'assistant social director@tennisclub.com', '2015-06-01', NULL, 41),
  ('Assistant Tournament Director', 'assistant tournament director@tennisclub.com', '2016-05-09', NULL, 2),
  ('Facilities Director', 'facilities director@tennisclub.com', '2016-09-05', NULL, 6),
  ('Membership Director', 'membership director@tennisclub.com', '2015-10-14', NULL, 8),
  ('Past President', 'past president@tennisclub.com', '2015-11-14', NULL, 10),
  ('President', 'president@tennisclub.com', NULL, NULL, 8888),
  ('Secretary', 'secretary@tennisclub.com', '2015-06-01', NULL, 11),
  ('Social Director', 'social director@tennisclub.com', '2015-10-14', NULL, 13),
  ('Tournament Director', 'tournament director@tennisclub.com', '2016-10-25', NULL, NULL),
  ('Treasurer', 'treasurer@tennisclub.com', '2015-11-14', NULL, NULL),
  ('Vice-President', 'vice-president@tennisclub.com', '2016-09-05', NULL, NULL);

-- 
-- Dumping data for table employee
--
INSERT INTO employee VALUES 
  (1, 'Cashier', '123123', 'someone', '2015-11-01', 0, 10, 'Lisa', NULL, 'Simpson', '1', NULL, NULL, NULL, 1, 0, '', 33);

-- 
-- Dumping data for table event
--
INSERT INTO event VALUES 
  (1, 'Ayeshaa Cup', '2015-12-04', 16, 64, 99, 10, 0),
  (2, 'Tennis2000', '1999-12-31', 1, 1, 1, 1, 0),
  (3, 'TennisFest', '1900-01-01', 1, 1, 1, 1, 0);

-- 
-- Dumping data for table gives_lessons
--
INSERT INTO gives_lessons VALUES 
  ('15love@hotmail.com', 1),
  ('ne1410s@hotmail.com', 6),
  ('15love@hotmail.com', 15),
  ('15love@hotmail.com', 16),
  ('15love@hotmail.com', 23),
  ('ne1410s@hotmail.com', 30),
  ('ne1410s@hotmail.com', 41);

-- 
-- Dumping data for table juniormember
--
INSERT INTO juniormember VALUES 
  ('1998-12-12', 2),
  ('2003-09-13', 6),
  ('2000-01-31', 8),
  ('2003-05-15', 13),
  ('2002-04-11', 20),
  ('2003-09-04', 24);

-- 
-- Dumping data for table sells
--
INSERT INTO sells VALUES 
  (2, 0),
  (2, 1),
  (2, 2),
  (2, 3);

-- 
-- Dumping data for table transaction
--
INSERT INTO transaction VALUES 
  (1, '2015-12-03', 6, 1, 6, 600, 29),
  (2, '2015-12-03', 8, 2, 9, 1350, 29),
  (3, '2015-12-03', 6, 2, 5, 750, 29),
  (4, '2015-12-03', 1, 0, 0, 0, 29),
  (5, '2015-12-03', 1, 0, 0, 0, 29),
  (6, '2015-12-03', 15, 5, 2, 20, 29),
  (7, '2015-12-03', 0, 0, 0, 0, 1234),
  (8, '2015-12-03', 10, 1, 3, 300, 1234),
  (9, '2015-12-03', 10, 1, 3, 300, 1234),
  (10, '2015-12-03', 0, 0, 0, 0, 1234),
  (11, '2015-12-03', 11, 6, 4, 40, 1234),
  (12, '2015-12-03', 0, 6, 9, 90, 1234),
  (13, '2015-12-03', 666, 1, 11, 1100, 1234),
  (14, '2015-12-03', 10, 5, 4, 40, 1234),
  (15, '2015-12-03', 6, 5, 2, 20, 1234),
  (16, '2015-12-04', 2, 0, 1, 5, 1234),
  (23, '2015-12-04', 17, 0, 3, 15, 1234),
  (25, '2015-12-04', 20, 0, 3, 15, 1234);

-- 
-- Dumping data for table guardian
--
INSERT INTO guardian VALUES 
  ('Bernard', 'B.', 'Bernard', '162', '375-8680 In Road', '38813', 'Hamoir', 24),
  ('Bobby', 'B.', 'Ramsey', '4531', 'Ap #689-7278 Magna Av.', '03-410', 'Ajmer', 6),
  ('Mary', 'A.', 'Lindsay', '3643', '351 Id Avenue', '41004', 'Irvine', 2),
  ('Melvin', 'M.', 'Mcguire', '1759', '381-1325 Integer Rd.', '78406', 'Wolkrange', 20),
  ('Rachel', 'R.', 'Rodriquez', '2850', '5134 Ut Rd.', '46-377', 'Loveral', 8),
  ('Rosanne', 'R.', 'Romero', '4998', '3310 Massa. Rd.', '388973', 'Castel Baronia', 13);

-- 
-- Dumping data for table participates_in
--
-- Table mydb.participates_in does not contain any data (it is empty)

-- 
-- Dumping data for table pro
--
INSERT INTO pro VALUES 
  ('15love@hotmail.com', 12, '403-780-1489', 'Alice', 'Tea', 'Q.', 'Membership Director'),
  ('ne1410s@hotmail.com', 10, '403-949-2465', 'Mike', 'Ace', NULL, 'Past President');

-- 
-- Dumping data for table social_event
--
INSERT INTO social_event VALUES 
  (1, 0),
  (2, 0),
  (3, 0);

-- 
-- Dumping data for table tournament
--
INSERT INTO tournament VALUES 
  (1, NULL, 100, 64),
  (2, '1', 100, 32),
  (3, '8', 100, 128);

-- 
-- Dumping data for table volunteers_for
--
INSERT INTO volunteers_for VALUES 
  (1, 1),
  (29, 1),
  (29, 2),
  (1, 3),
  (29, 3);

-- 
-- Enable foreign keys
-- 
/*!40014 SET FOREIGN_KEY_CHECKS=@OLD_FOREIGN_KEY_CHECKS */;